id,type,text1,text2,text3,notes
expsp_asdf1_frig,SHIP,"Strikecraft variant of the ASDF-03 elite fighter pilotable by officers. Comes with a wing of Incise fighters as an escort. Original ship system replaced with Temporal Shell.

The ASDF-03 is a highly advanced manned fighter fielded by the elite units of Mischmetal's fleets. Heavily armed, survivable, and relatively fast, it can tackle either larger vessels or enemy fighter craft wings. Its advanced Inertia Override system means it can turn on a dime, increasing its ability to remain on target. Expensive but deadly, capable of singlehandedly tearing apart enemy frigates.",,,
expsp_thunderer_frig,SHIP,"Strikecraft variant of the Thunderer attack craft pilotable by officers. Comes with a wing of Attack Funnels as an escort.

Heavy unmanned strike craft used by MVS. Although the LPC can only manufacture one craft at a time, the design's devastating armament and excellent survivability allow it to prove a credible threat to anything it can catch up to. Its advanced Aegis Core system further increases durability. However, such abilities come at a significant cost per craft.",,,
expsp_su30_frig,SHIP,"Strikecraft variant of the SU-30X elite interceptor pilotable by officers. Comes with a wing of SU-30X fighters as an escort. Original ship system replaced with Phase Skimmer.

High-grade manned interceptor used by MVS forces. Its Icarus Seeker Array system is highly effective against fighters, allowing it to sweep enemy strike craft from the battlefield. ",,,
expsp_mirage_aa,SHIP,"Strikecraft variant of the M-220 light fighter pilotable by officers. Comes with a wing of M-220s as an escort. Original ship system replaced with Maneuvering Jets.

Versatile, long-ranged fighter used by MVS forces to pressure enemy vessels with its Electro-Flechette Launchers. Mobile and survivable, though its shields are fixed forwards, making it more vulnerable to interceptors. However, the EMP effect of its guns allows for effective suppression of enemy PD.",,,
,,,,,
