{
    "expsp_mvs_su30":{
    
        #"required_mods_id": [],

        #TRIGGERS (ALL OPTIONAL)
        
       # "trigger_market_id": [],
        "trigger_marketFaction_any": ["MVS","independent"],
       # "trigger_marketFaction_alliedWith": true,
       # "trigger_marketFaction_none": [],
        "trigger_marketFaction_enemyWith": false,
        "trigger_market_minSize": 4,
        "trigger_player_minLevel": 10,
        "trigger_min_fleet_size": 75,
      
        "trigger_weight_mult": 5,
       
        "trigger_playerRelationship_atLeast": {"MVS":0.25,},
       
        
        #BOUNTY DESCRIPTION
        
        "job_name": "Take down a rogue MVS elite carrier strike group",
        "job_description": "A decorated MVS officer has suddenly and inexplicably defected, bringing his loyal veteran fleet and a rare blueprint chip with him. Although there existed rumors of the 72nd Carrier Strike Group's cult-like behavior, these were dismissed as the grumblings of envious peers before now.",
        "job_comm_reply": "The helmeted visage of your target briefly flashes on your screen along with a snippet of chanting in a long-dead language over the comms before the feed abruptly cuts. The target fleet assumes a combat formation and powers up their weapons.",
        "job_intel_success": "Soon after the confirmed neutralization of the target, an official message of thanks from MVS officials containing your payment arrives.",
      
        "job_intel_expired": "It appears that your target has managed to slip away unnoticed, carrying the valuable blueprint with him. It is unknown when, if ever, he can be rediscovered.",
        "job_forFaction": "MVS",
        "job_deadline": 120,
        "job_credit_reward": 170000,
        "job_reward_scaling": 0.5,
        "job_reputation_reward":10,
        "job_item_reward": {"ship_bp expsp_su30_frig":1,},
        "job_type":"assassination",
        "job_show_type": true,
        "job_show_captain": true,
        "job_show_fleet": "vanilla",
        "job_show_distance": "exact",
        "job_show_arrow": true,
        "job_difficultyDescription": "auto",
        "job_pick_option": "Accept the MVS contract",
      
        
		#"existing_target_memkey":"$memKey",

        #TARGET COMMANDER (OPTIONAL)
        
        "target_first_name":"Rex",
        "target_last_name":"Solaris",
        "target_portrait":"graphics/portraits/portrait45.png",
        "target_gender":"MALE",
        "target_rank": "spaceCaptain",
        "target_post": "patrolCommander",
        "target_personality": "aggressive",
        "target_aiCoreId": null,
        "target_level": 7,
        "target_elite_skills":7,
        "target_skill_preference": "ANY",
        
    
    
        #TARGET FLEET
        
        "fleet_name":"72nd Carrier Strike Group",
        "fleet_faction": "ML_bounty",
        "fleet_flagship_variant":"expsp_su30_frig_Strike",
        "fleet_flagship_name":"Sol Invictus",
        "fleet_flagship_recoverable": true,
        "fleet_flagship_autofit": false,
        "fleet_preset_ships": {"expsp_su30_frig_Strike":4,
		"expsp_principality_Outdated":1,
		"expsp_virtue_Elite":2,
		"expsp_malakh_Elite":2,},
        "fleet_preset_autofit": false,
        "fleet_scaling_multiplier":1.2,
        "fleet_min_FP": 100,
        "fleet_composition_faction": "MVS",
        "fleet_composition_quality": 2,
        "fleet_transponder": false,
		"fleet_no_retreat": true,
        "fleet_behavior": "ROAMING",
        
        #LOCATION
        
      
        "location_distance": "CORE",
        "location_themes": ["theme_core_unpopulated",
		],
        "location_themes_blacklist": [  "theme_already_occupied","theme_hidden","no_pulsar_blackhole"],
      
        "location_prioritizeUnexplored": false,
        "location_defaultToAnyEntity": true,
    },
}
