{
	# The following hull style ids are reserved and can not be used:
	# "sounds", "DEFAULT", "FIGHTER", "FRIGATE", "DESTROYER", "CRUISER", "CAPITAL_SHIP"
	"EXPSP_MVS":{
		"hyperspaceJitterColor":[50,150,255,200],
		"baseCampaignExplosionColor":[50,150,255,255],
		"baseCombatExplosionColor":[50,150,255,255],
		"fighterRepairFlickerColor":[50,150,255,255],
		"fighterChipIconColor":[50,150,255,255],
		"weaponDisabledExplosionColor":[80,170,255,255],
		"shieldRingColor":[155,205,255,255],
		"shieldInnerColor":[50,150,255,75],
		"fluxVentCoreColor":[125,175,255,255],
		"fluxVentFringeColor":[50,200,255,255],
		"engineLoopSet":"engine_loop", 					# id of entry in sounds.json
		"engineAccelerateSet":"engine_accelerate",		# id of entry in sounds.json
		"empLoopSet":"emp_loop",						# id of entry in sounds.json
		"fluxLoopSet":"flux_loop",						# id of entry in sounds.json
		"ventFluxSet":"vent_flux",						# id of entry in sounds.json
		"shieldBurnoutSet":"shield_burnout",			# id of entry in sounds.json
		"shieldLowerSet":"shield_lower",				# id of entry in sounds.json
		"shieldRaiseSet":"shield_raise",				# id of entry in sounds.json
		"explosionShipSet":"explosion_ship",			# id of entry in sounds.json
		"damageDecalSheet":"graphics/damage/damage_decal_sheet_base.png",
		"damageDecalGlowSheet":"graphics/damage/damage_decal_sheet_glow.png",
		
		#"colorShiftCovers":true,
		"coversColorShiftAmount":1,  # 0 to 1
		"coversMatchShipBrightness":true,
		"slotCoverSmallTurret":"graphics/weapons/covers/cover_turret_hightech_small.png",
		"slotCoverSmallHardpoint":"graphics/weapons/covers/cover_hardpoint_hightech_small.png",
		"slotCoverMediumTurret":"graphics/weapons/covers/cover_turret_hightech_medium.png",
		"slotCoverMediumHardpoint":"graphics/weapons/covers/cover_hardpoint_hightech_medium.png",
		"slotCoverLargeTurret":"graphics/weapons/covers/cover_turret_hightech_large.png",
		"slotCoverLargeHardpoint":"graphics/weapons/covers/cover_hardpoint_hightech_large.png",
		
		"dHullOverlayLight":"graphics/damage/dmod_overlay_hightech_light.png",
		"dHullOverlayMedium":"graphics/damage/dmod_overlay_hightech_medium.png",
		"dHullOverlayHeavy":"graphics/damage/dmod_overlay_hightech_heavy.png",
	},
	"EXPSP_MVS_GOLD":{
		"hyperspaceJitterColor":[212,175,55,200],
		"baseCampaignExplosionColor":[212,175,55,255],
		"baseCombatExplosionColor":[212,175,55,255],
		"fighterRepairFlickerColor":[212,175,55,255],
		"fighterChipIconColor":[212,175,55,255],
		"weaponDisabledExplosionColor":[212,175,55,255],
		"shieldRingColor":[212,175,55,255],
		"shieldInnerColor":[212,175,55,75],
		"fluxVentCoreColor":[212,175,55,255],
		"fluxVentFringeColor":[212,175,55,255],
		"engineLoopSet":"engine_loop", 					# id of entry in sounds.json
		"engineAccelerateSet":"engine_accelerate",		# id of entry in sounds.json
		"empLoopSet":"emp_loop",						# id of entry in sounds.json
		"fluxLoopSet":"flux_loop",						# id of entry in sounds.json
		"ventFluxSet":"vent_flux",						# id of entry in sounds.json
		"shieldBurnoutSet":"shield_burnout",			# id of entry in sounds.json
		"shieldLowerSet":"shield_lower",				# id of entry in sounds.json
		"shieldRaiseSet":"shield_raise",				# id of entry in sounds.json
		"explosionShipSet":"explosion_ship",			# id of entry in sounds.json
		"damageDecalSheet":"graphics/damage/damage_decal_sheet_base.png",
		"damageDecalGlowSheet":"graphics/damage/damage_decal_sheet_glow.png",
		
		#"colorShiftCovers":true,
		"coversColorShiftAmount":1,  # 0 to 1
		"coversMatchShipBrightness":true,
		"slotCoverSmallTurret":"graphics/weapons/covers/cover_turret_hightech_small.png",
		"slotCoverSmallHardpoint":"graphics/weapons/covers/cover_hardpoint_hightech_small.png",
		"slotCoverMediumTurret":"graphics/weapons/covers/cover_turret_hightech_medium.png",
		"slotCoverMediumHardpoint":"graphics/weapons/covers/cover_hardpoint_hightech_medium.png",
		"slotCoverLargeTurret":"graphics/weapons/covers/cover_turret_hightech_large.png",
		"slotCoverLargeHardpoint":"graphics/weapons/covers/cover_hardpoint_hightech_large.png",
		
		"dHullOverlayLight":"graphics/damage/dmod_overlay_hightech_light.png",
		"dHullOverlayMedium":"graphics/damage/dmod_overlay_hightech_medium.png",
		"dHullOverlayHeavy":"graphics/damage/dmod_overlay_hightech_heavy.png",
	},
}
	