{
	# should be a copy of "combatSmall", minus variants that are annoying to fight in low numbers
	# for example, no Hyperions or fast beam-based kiting loadouts, or ships with damper field
	
	"combatSmall":{
		#"expsp_salient_Standard":3,
		#"expsp_salient_Overdriven":4,
		#"expsp_salient_Shielded":3,
		#"expsp_defilade_Standard":2,
		#"expsp_defilade_Overdriven":1,
		#"expsp_defilade_Shielded":2,
		"expsp_stiletto_Standard":3,
		"expsp_stiletto_Closequarters":3,
		"expsp_stiletto_Overdriven":4,
		"expsp_kriegsmesser_Strike":3,
		"expsp_kriegsmesser_Standard":4,
		"expsp_kriegsmesser_Torpedo":3,
		"expsp_kris_Standard":3,
		"expsp_kris_Assault":3,
		"expsp_kris_Lancer":4,
		"expsp_shashka_Standard":4,
		"expsp_shashka_Strike":4,
		"expsp_shashka_Support":2,
		"expsp_malakh_Standard":2,
		"expsp_kiteskipper_Standard":5,
		"expsp_puukko_Standard":6,
		"expsp_puukko_Overdriven":4,
		"expsp_ascalon_Elite":10,
		"expsp_testudo_Support":10,
		#"expsp_korsettes_Assault":2,
	},
	"combatMedium":{
		"expsp_hetzer_Standard":5,
		"expsp_hetzer_Support":5,
		#"expsp_casemate_Antishield":3,
		#"expsp_casemate_Standard":3,
		#"expsp_casemate_Shielded":4,
		"expsp_intervention_Standard":10,
		"expsp_verteidiger_Outdated":6,
		"expsp_verteidiger_Suppression":4,
		"expsp_scharfrichter_Executor":10,
		"expsp_sunder_mvs_Siege":7,
		"expsp_sunder_mvs_Overdriven":3,
		"expsp_lauretana_Overdriven":3,
		"expsp_lauretana_Standard":7,
		#"expsp_glare_support":4,
		#"expsp_glare_assault":6,
		"expsp_tzaphkiel_Cyclebreaker":10,
		"fallback":{"combatSmall":1},
	},
	"combatLarge":{
		 
		"expsp_falcon_mvs_ew_Support":10,
		"expsp_chrysostom_Support":10,
		"expsp_anker_Standard":4,
		"expsp_anker_Lancer":6,
		"expsp_searchlight_Lancer":3,
		"expsp_searchlight_Beamer":4,
		"expsp_searchlight_Standard":3,
		"expsp_scholarmvs_Elite":6,
		"expsp_scholarmvs_Assault":4,
		"expsp_kiel_Standard":7,
		"expsp_kiel_Overdriven":3,
		"expsp_helena_Expedition":5,
		"expsp_815_Standard":4,
		"expsp_815_Strike":3,
		"expsp_815_Support":3,
	},
	"combatCapital":{
		#"expsp_bullpupatlas_Standard":5,
		#"expsp_bullpupatlas_Shredder":5,
		"expsp_helena_mil_Assault":5,
		"expsp_helena_mil_Skirmisher":5,
		"expsp_dragonhunter_Standard":10,
		"expsp_cainhurst_Standard":4,
		"expsp_cainhurst_Lancer":6,
		"expsp_abysswalker_Lancer":6,
		"expsp_abysswalker_Support":4,
		"expsp_testament_Standard":5,
		#"expsp_favela_Standard":1,
		"fallback":{"combatMedium":1},
	},
	"combatFreighterSmall":{
            "expsp_kurierin_Standard":5,
            "expsp_kurierin_Expandedcargo":5,
	  
	},
	"combatFreighterMedium":{
		"expsp_sammlerin_Standard":5,
		"expsp_sammlerin_Militarized":5,
	},
	"combatFreighterLarge":{
		"expsp_helena_Expedition":10,
		
	},
	"carrierSmall":{
		#"expsp_glare_support":3,
		#"expsp_glare_assault":2,
		"expsp_virtue_Standard":3,
		"expsp_virtue_Strike":3,
		"expsp_virtue_Elite":4,
		"expsp_malakh_Standard":6,
		"expsp_malakh_Elite":4,
		"fallback":{"carrierMedium":0.5},
	},
	"carrierMedium":{
		"expsp_principality_Standard":4,
		"expsp_principality_Strike":4,
		"expsp_raphael_Standard":6,
		"expsp_raphael_Support":4,
		"fallback":{"carrierSmall":0.5},
	},
	"carrierLarge":{
		"expsp_dominion_Strike":4,
		"expsp_dominion_Support":4,
		"expsp_dominion_Elite":2,
		
		
		"fallback":{"carrierMedium":1},
		"fallback2":{"carrierSmall":1},
	},
	"phaseSmall":{
		
		"expsp_scytale_Standard":10,
	},
	"phaseMedium":{
		"expsp_cipher_Strike":5,
		"expsp_cipher_Standard":5,
	},
	"freighterMedium":{
		"expsp_provisioner_Standard":5,
		"expsp_provisioner_Bulk":5,
		"fallback":{"freighterSmall":1},
		"fallback2":{"freighterLarge":0.5},
	},
	"tankerMedium":{
		"expsp_provisioner_Standard":2,
		"expsp_provisioner_Bulk":2,
		"expsp_florian_Combat":10,
		"fallback":{"tankerSmall":1},
		"fallback2":{"tankerLarge":0.5},
	},
}

	