{
	"id":"exshippack",
	"name":"Machina Void Shipyards",
	"author":"Unit9461",
	"version":"0.70",
	"description":"Adds the minor faction Machina Void Shipyards.",
	"gameVersion":"0.98a-RC5",
	 "dependencies": [
        {
            "id": "lw_lazylib",
            "name": "LazyLib",
            #"version": "3.0.0"
        },
		
        {
            "id": "MagicLib",
            "name": "MagicLib",
            #"version": "1.5.1"
        },
    ],
	"jars":["jars/EXPSP.jar"],
	"modPlugin":"data.scripts.EXPSP_ModPlugin"
}
