{
    "expsp_mvs_dominion_belka":{
    
        #"required_mods_id": [],

        #TRIGGERS (ALL OPTIONAL)
        
       # "trigger_market_id": [],
        "trigger_marketFaction_any": ["MVS"],
       # "trigger_marketFaction_alliedWith": true,
       # "trigger_marketFaction_none": [],
        "trigger_marketFaction_enemyWith": false,
        "trigger_market_minSize": 4,
        "trigger_player_minLevel": 10,
        "trigger_min_fleet_size": 95,
      
        "trigger_weight_mult": 5,
       
        "trigger_playerRelationship_atLeast": {"MVS":0.55,},
       
        
        #BOUNTY DESCRIPTION
        
        "job_name": "Take down a rogue MVS prototype",
        "job_description": "A high-ranking MVS officer has suddenly defected, bringing his fleet and custom flagship with him.",
        "job_comm_reply": "The helmeted visage of your target briefly flashes on your screen . The target fleet assumes a combat formation and powers up their weapons.",
        "job_intel_success": "Soon after the confirmed neutralization of the target, an official message of thanks from MVS officials containing your payment arrives.",
      
        "job_intel_expired": "It appears that your target has managed to slip away unnoticed, bringing his valuable flagship with him. It is unknown when, if ever, he can be rediscovered.",
        "job_forFaction": "MVS",
        "job_deadline": 120,
        "job_credit_reward": 195000,
        "job_reward_scaling": 0.5,
        "job_reputation_reward":10,
        #"job_item_reward": {"ship_bp expsp_su30_frig":1,},
        "job_type":"assassination",
        "job_show_type": true,
        "job_show_captain": true,
        "job_show_fleet": "vanilla",
        "job_show_distance": "exact",
        "job_show_arrow": true,
        "job_difficultyDescription": "auto",
        "job_pick_option": "Accept the MVS contract",
      
        
		#"existing_target_memkey":"$memKey",

        #TARGET COMMANDER (OPTIONAL)
        
        "target_first_name":"John",
        "target_last_name":"Balka",
        "target_portrait":"graphics/portraits/MVSopm4.png",
        "target_gender":"MALE",
        "target_rank": "spaceCaptain",
        "target_post": "patrolCommander",
        "target_personality": "aggressive",
        "target_aiCoreId": null,
        "target_level": 7,
        "target_elite_skills":7,
        "target_skill_preference": "ANY",
        
    
    
        #TARGET FLEET
        
        "fleet_name":"Rogue Battlegroup",
        "fleet_faction": "ML_bounty",
        "fleet_flagship_variant":"expsp_dominion_belka_Custom",
        "fleet_flagship_name":"Sword of Annihilation",
        "fleet_flagship_recoverable": true,
        "fleet_flagship_autofit": false,
        "fleet_preset_ships": {
		"expsp_principality_Outdated":1,
		"expsp_virtue_Elite":2,
		"expsp_malakh_Elite":2,},
        "fleet_preset_autofit": false,
        "fleet_scaling_multiplier":1.2,
        "fleet_min_FP": 150,
        "fleet_composition_faction": "MVS",
        "fleet_composition_quality": 2,
        "fleet_transponder": false,
		"fleet_no_retreat": true,
        "fleet_behavior": "ROAMING",
        
        #LOCATION
        
      
        "location_distance": "CORE",
        "location_themes": ["theme_core_unpopulated",
		],
        "location_themes_blacklist": [  "theme_already_occupied","theme_hidden","no_pulsar_blackhole"],
      
        "location_prioritizeUnexplored": false,
        "location_defaultToAnyEntity": true,
    },
	
	"expsp_asciislaught":{

        

        
		"trigger_marketFaction_any":["independent"],
		
		"trigger_market_minSize":4,
		"trigger_player_minLevel":5,
		"trigger_min_days_elapsed":2,
		"trigger_weight_mult":4,
		
		

		"job_name":"Hunt down an abomination",
		"job_description":"There's some kind of.. thing roaming the Sector, a amalgamation of symbols, letters, and numbers shaped in the vague semblance of a battleship, with attendant entities of a similar nature, though much smaller. That monster must be destroyed.",
		
		"job_comm_reply":"3458901d24Ym41op2215hg6a",
		
		"job_intel_success": "Once the target had been destroyed, you receive your payment, along with messages of gratitude from those who had suffered losses at the hands(?) of the entity.",
		
		"job_intel_expired": "The anomalous entity has escaped your grasp, free to terrorize the people of the Sector once more",
		
		"job_forFaction":"independent",
		"job_difficultyDescription": "auto",
		"job_deadline":45,
		"job_reputation_reward":10,
		
		"job_credit_reward":133700,
		"job_reward_scaling":0.0,
		"job_type":"assassination",
		"job_show_type":true,
		"job_show_captain":false,
		"job_show_fleet":"presetText",
		"job_show_distance":"vague",
		"job_show_arrow":true,
		"job_pick_option":"Accept the job",
	
	
		"target_first_name":"421s6",
		"target_last_name":"756p7g",
		"target_portrait":"graphics/portraits/portrait_generic_grayscale.png",
		"target_gender":"MALE",
		
		"target_personality":"reckless",
		"target_aiCoreId": null,
		"target_level":9,
		"target_elite_skills":5,
		"target_skill_preference":"GENERIC",
		#"target_skills":{},

		"fleet_name":"Anomalous fleet",
		"fleet_faction":"ML_bounty",
		#"fleet_flagship_variant":"hyperion_Strike",
		"fleet_flagship_variant":"expsp_asciislaught_Extradimensional",
		"fleet_flagship_name":"214r12t",
		"fleet_flagship_recoverable":true,
		"fleet_preset_ships":{
			"expsp_asciilasher_Anomalous":4,
			#"shade_Assault":1,
			#"omen_PD":2,
			
		},
		"fleet_scaling_multiplier":0,
		#"fleet_min_FP":-1,
		"fleet_min_FP":40,
		"fleet_composition_faction":"omega",
		"fleet_composition_quality":2,
		"fleet_transponder":false,
		"fleet_behavior":"ROAMING",

		#"location_marketIDs":[],
		#"location_marketFactions":[],
		"location_distance":"CORE",
		"location_themes":[
			"theme_core_unpopulated",
		],
		#"location_themes_blacklist":[],
		"location_entities":[
			"gate",
			"station",
			"wreck",
			"debris",
			"stable_location",
			"comm_relay",
			"nav_buoy",
			"sensor_array",
            "gas_giant",
			"planet",
			"jump_point"
		],
		"location_prioritizeUnexplored":false,
		"location_defaultToAnyEntity":true
        },
}
