id,type,text1,text2,text3,notes
expsp_salient,SHIP,"Although automated machines of war were forbidden in core Domain space, war drones were quietly employed outside of officially incorporated volume. Frontier garrisons were often bolstered by drone ships, and they were deployed liberally against rebellious worlds to tip the terrible balance of attrition, setting the industrial might of the Domain versus the lives of 'freedom fighters'.

Seemingly created from a mix of Sentry and Defender components, the Salient is a nonstandard design not found in Domain databases. Agile, well armored, and armed to the teeth, this machine poses a far greater threat than standard models. Can overclock its weapon systems for a brief burst of increased firepower.",,,
expsp_salient_redcomet,SHIP,"Rumors speak of how an unknown pilot salvaged a Salient drone frigate, tore out its internals to make way for a cockpit, then proceeded to fill it with a physics-defying amount of high-tech components of mysterious origin. Outperforms the original by a factor of 3 in most aspects.",,,
expsp_fascine,SHIP,"Tough, moderately armed fighter used by the drone warships of the Domain. It can temporarily overclock its ballistic weapon systems to deal surprising amounts of damage.",,,
expsp_defilade,SHIP,"Although automated machines of war were forbidden in core Domain space, war drones were quietly employed outside of officially incorporated volume. Frontier garrisons were often bolstered by drone ships, and they were deployed liberally against rebellious worlds to tip the terrible balance of attrition, setting the industrial might of the Domain versus the lives of 'freedom fighters'.

Sister ship to the Salient, the Defilade bolsters lighter Domain combat drones with fighter support. To this end, it carries a small bay with a wing of Fascine drones, while still maintaining a reasonable amount of firepower and its sister's ammo feeder system.",,,
expsp_hetzer,SHIP,"Agile destroyer used by MVS. Often found in patrols, providing support with its excellent sensors and EW equipment.  Its built in manuvering jets allow the ship to easily escape dangerous situations or chase down fleeing hostiles. Carries a pair of built-in SRM pods to keep enemy shields up. Carries a wing of Attack Funnels for defense against missiles and fighters.",,,
,,,,,
expsp_stiletto,SHIP,MVS frigate equipped with built in Poke and Flick high-explosive and kinetic missiles. Carries a single Attack Funnel for point defense and fire support. Versatile loadout allows for longer-ranged harassment or close-in brawling. ,,,
expsp_conquestmvscv,SHIP,"MVS retrofit of the famous Conquest battlecruiser. Further modifications replace two medium weapon mounts with drone hangar bays. However, these retrofits make the ship significantly harder to deploy.",,,
expsp_conquestmvs,SHIP,"MVS retrofit of the famous Conquest battlecruiser. Upgrades across the board make it a more effective ship in combat. However, these retrofits make the ship significantly harder to deploy.",,,
expsp_eaglemvs,SHIP,"MVS retrofit of the classic Eagle cruiser. An upgraded flux core allows for better general performance, more versatile mounts allow for even more loadout flexibility, and an Attack Funnel wing helps mitigate the standard Eagle's weakness to fighters.  These improvements, however, have made the ship significantly more costly to deploy in battle.",,,
expsp_kurierin,SHIP,"Reliable and durable light combat freighter capable of warding off minor pirate threats. Carries more armor, built in missiles, and a pair of support drones, but less loadout versatility and cargo space compared to its competitor, the Wayfarer.",,,
expsp_cipher,SHIP,"First MVS phase vessel to see mass production. Its proprietary angular phase field generator is much more robust than standard phase coils, allowing for increased operating time, but sacrifices flux efficiency.  Heavy armor and a generous amount of hull integrity alongside an array of point defense mounts gives it decent survivability even when caught unphased, and its Burst Core system allows it to unleash a torrent of firepower before going back into P-space.",,,
expsp_dragonhunter,SHIP," Initially created as a test platform for MVS heavy weapons. The current iteration of the design carries the Lightning Spear railgun, capable of disabling enemy vessels from a distance while still dealing respectable damage.  Four of its weapon mounts have been replaced with flux capacitors, vents, and secondary shield generators, increasing its flux capabilities and greatly improving its shields. The remaining heavy mounts have been re-oriented to face forwards, allowing the ship to focus its arsenal on a single target. The resulting ship is suited for long-range bombardment of targets, while still maintaining the ability to quickly engage and disengage. The class gained its name after a test unit was able to slay a pirate warlord known as the ""Dragon King"" with a well-placed shot to his flagship's bridge.",,,
expsp_intervention,SHIP,"Specialized MVS support destroyer. The vessel is built around the Eisenfaust-class superheavy railgun, giving it incredible firepower at long ranges. Armed with a respectable complement of weapons alongside its primary armament. A wing of Attack Funnels provide PD support, and a pair of built-in Poke SRMS distracts enemy point defense systems. However, these features come with the logistical costs of a cruiser. Ocasionally, MVS operatives piloting the Intervention fire its main gun while charging an enemy, reminicent of lance charges used by the knights of ancient Earth.",,,
expsp_anker,SHIP,"An antique design from MVS's early days, retrofitted numerous times over the cycles to create a formidable line cruiser. Originally created to be idiotproof as possible to compensate for any defects caused by haphazard construction, the design proved to be even more effective when pristine. Its original name has been lost to time, perhaps deliberately forgotten or erased to aid with the rebuilding of the faction's reputation. Regardless of its past, the current iteration of this design is a mainstay of task forces and invasion fleets, capable of delivering a withering hail of fire to the battlefield while shrugging off all but the most devastating attacks with its unyielding armor. ",,,
expsp_kriegsmesser,SHIP,"Standard MVS frigate. Survivable, agile, but somewhat lightly armed, though it makes up for this through loadout versatility. Carries the signature MVS combination of an Attack Funnel drone and a pair of SRM tubes as standard. Decent flux, shields, and armor, along with manuvering jets for escaping make this vessel relatively forgiving for rookie pilots. Forms the backbone of MVS patrols. ",,,
expsp_cainhurst,SHIP,"The pride of Mischmetal's fleets, the Cainhurst was the first domestically-designed capital vessel created by MVS, shortly after the Collapse. Originally resembling the venerable Onslaught, the Cainhurst now is far more visually distinct, only sharing the dual built-in energy pulse weapons of it ancestor. Aggressive and maneuverable, the Cainhurst can both trade blows with other battleships and battlecruisers and hunt down cruisers. Its unique Core Overclock has become a key part of its identity, making the ship more deadly and maneuverable but comes at the cost of increasing stress on delicate systems. Over the cycles, the sight of crimson engine plumes has become the stuff of nightmares to Pirate captains.",,,
,,"Originally designed using Onslaught parts, the Cainhurst-class has seen its share of upgrading over the years. Its name changed during MVS's reputation, the Cainhurst has more or less thrown off its old reputation of a pale simulacra of the ship somewhat resembles. Other than the radically different frame, the most prominent of its changes are the vastly different weapon mounts, allowing for superior weapon convergence at the cost of potential firepower and the inclusion of an improved flux core, making it more competetive in the modern battlefield. The crude Burn Drive has been swapped out for a more elegant Plasma Jets system, allowing the ship to achieve impressive feats of agility for its size.",,,
expsp_provisioner,SHIP,"Standard MVS logistics vessel. Heavily armed and armored for a freighter, but lacks a powerful flux core. Its robust point defense systems and support drones allow it to usually escape a battle unscathed. Although its accomodations are spartan and the duty not quite as glorious as being part of a combat ship's crew, MVS operatives assigned to these vessels take quiet pride in knowing that they are the main reason the dedicated combat ships can effectively operate and win battles.",,,
expsp_forager,SHIP,"Light salvage and exploration frigate manufactured by Machina Void Services. Considered an upgrade to the more common Shepherd, having more armor and hull integrity. However, the most important upgrade is the wing of Type 31 Mining Drones it carries, which pack far more firepower than standard Borer drones. ",,,
expsp_virtue,SHIP,"Essentially the MVS equivalent to the Sector-standard Condor, the Virtuie is based off the ubiquitous Tarsus hull. However, unlike the Condor, the Virtue is intended to launch its fighters close to the front lines. Heavily armored and equipped with a significant defensive arsenal, this carrier is far from a sitting duck when found without an escort.",,,
expsp_glance,SHIP,"Machina Void Shipyards' cheapest fighter offering, the Glance-class interceptor drone is essentially a Coil CIWS bolted onto a small frame with engines attached. Cheap, expendable, and surprisingly tough for its size and cost. Excellent distraction to allow more important craft to attack uninterrupted. Can deal surprising amounts of damage to exposed hull.",,,
expsp_eviscerate,SHIP,"The Eviscerate-class drone is a dedicated strike craft hunter, equipped with a devastating close-range arsenal. Despite its Delta-class onboard AI falling well within Hegemony AI restrictions, MVS carrier captains commanding them swear the machines take sadistic glee in ruthlessly tearing apart lightly armored bombers with an avalanche of Coil CIWS and Particle Scatterblaster fire.",,,
expsp_principality,SHIP,"Cruiser-sized battlecarrier based on a Lazarus hull. Sacrifices many of its sister's modular weapon slots for a hangar and an integrated rapid-fire Scepter Siege Cannon. Its heavy armor and still reasonable armament allow it to fight alongside dedicated frontline vessels. An integrated combat supercomputer provides nav data for its fighters while optimizing shields and flux systems, allowing for short bursts of heighted combat performance. ",,,
expsp_kris,SHIP,Lightest FTL-equipped vessel available to the MVS navy. A pair of extended range Coil CIWS units supplement an otherwise anemic armament. Extreme speed and relatively decent survivability allows the vessel to perform well as a dedicated harassment craft. Commonly found in MVS patrols.,,,
expsp_blind,SHIP,"Powerful interceptor drone  reverse-engineered from AI War-era Tri-tachyon designs. Heavily armed, mobile, and reasonably protected. Devastating against fighters and frigates, and maintains some effectiveness against larger targets.",,,
expsp_searchlight,SHIP,"Cruiser reverse-engineered from drone warships used during the AI War. Equipped with the efficient Beacon Suppression Laser where a second large mount would be, giving it a reliable weapon for use in various situations. Good armor and decent shields provide fair survivability. Its unique system allows it to deal massive damage depending on loadout.",,,
expsp_pierce,SHIP,"Standard MVS heavy drone fighter. Heavily armed and armored, and carries flares, much like its more common counterpart, the Broadsword. Unlike the Broadsword, however, the Pierce carries a version of the Jab Rocket Launcher with light tracking capabilities, along with a slower-firing Armorhunter Light Autocannon, giving it great effectiveness against heavy craft.",,,
expsp_shashka,SHIP,"The Shashka is perhaps the greatest achievement of MVS engineering found in regular service, possessing great firepower, mobility, and survivability.  Its ability to temporarily disable its performance limiters allows the vessel to chase down enemy frigates and tear them apart with increased firepower. With its unmatched offensive capability, the Shashka can make short work of almost any other frigate in the Sector, and hold its own against light destroyers like the Shrike, though it struggles against full-sized destroyers. Beloved by MVS aces and fleet commanders alike, serving well as both a duelist and a wolfpack skirmisher.",,,
expsp_borermvs,SHIP,"Light mining drone used by MVS civilian ships. Well armored and heavily armed for its size, it can serve as an effective deterrent to enemy fighters, especially the Talon interceptor widespread among the Sector's lawless factions.",,,
expsp_verteidiger,SHIP,"Standard MVS heavy destroyer. Heavily armored and well-armed. Its Bombardment Mode system allows it to serve well as a fleet anchor or a line ship, making it a staple of MVS fleets. Its robust PD system supplemented by a pair of Attack Funnels allows it to deter fighters and heat-seeking missiles, including the common Salamander. An unique weapon, the Quicksilver Blaster, allows it to finish off crippled enemies. Thanks to these traits, the Dismas has a reputation for excellent combat endurance.",,,
expsp_malakh,SHIP,"Seen as a marvel of engineering by some, the Malakh is one of few frigate-sized ships to mount a full fighter bay without any crippling drawbacks. Reasonably armed, armored, and fairly mobile, the Malakh is designed to complement the Kampfmesser-class frigate, and is often found in patrol fleets, providing valuable support with its interceptors.",,,
expsp_slash,SHIP,"Sister design to the Glance, the Lacerate drone interceptor is built around a Las-Repeater instead of the Glance's Coil CIWS, with a secondary Vulcan cannon. Sacrifices hull integrity for resistance to EMP damage and firepower. Synergizes well with the Glance, with the Lacerates cutting through armor after the Glances take down the enemy's shields.",,,
expsp_incise,SHIP,"One of the few manned MVS fighter craft designs still in service, the Incise is based off an old Terran design with major upgrades. Armed with a pair of anti-fighter missile pods and a trio of coil weapons, the Incise performs well against both shields and armor. Mainly used for reserve forces or exported to the defense fleets of Independent polities, but still popular among particularly stubborn old aces.",,,
expsp_pummel,SHIP,"Based off of a truly ancient bomber design, albeit automated and upgraded, the Pummel refuses to be phased out. Its current iteration carries a pair of miniature SRM pods and a pair of cruise missiles, making it an appreciable long-ranged strike craft. Carries a XF-850D drone for self-defense.",,,
expsp_xf850d,SHIP,Tiny automated fighter equipped with a pair of compact Coil CIWS weapons. Often integrated into a ship's nanoforge systems. ,,,
expsp_falcon_mvs_ew,SHIP,"MVS retrofit of the famous Falcon-class light cruiser. A dedicated electronic warfare suite mounted in the ship's trench allows it to bolster friendly weapons systems and give friendlies navigation data as well as provide ECM and ECCM support. These upgrades, however, make it as expensive as an Eagle to maintain and deploy.",,,
expsp_raze,SHIP,"The Raze-class Variable Fighter Drone is a newer post-Collapse model, built for serving numerous roles at once. Most notably, it has a pair of piston-driven legs instead of landing gear, allowing it to serve as an impromptu mech, making it invaluable in raids and boarding operations. Its pair of powerful Pulsar Burst Lasers provide excellent firepower, capable of punching through even destroyer-grade ship armor. Deadly against frigates or destroyers with weak PD.",,,
expsp_whack,SHIP,"An unconventional dual-fuselage drone fighter initially created from the wreckage of recovered enemy fighter craft, now standardized into a LPC. Ungainly, unshielded, and presents a large target for AA weaponry. However, its saving grace is the firepower of the oversized but fully functionial high-caliber cannon mounted between its twin fuselages. Devastating against unshielded targets, but relies on escorts to get into range.",,,
expsp_asdf1,SHIP,"The ASDF-03 is a highly advanced manned fighter fielded by the elite units of Mischmetal's fleets. Heavily armed, survivable, and relatively fast, it can tackle either larger vessels or enemy fighter craft wings. Its advanced Inertia Override system means it can turn on a dime, increasing its ability to remain on target. Expensive but deadly, capable of singlehandedly tearing apart enemy frigates.",,,
expsp_scytale,SHIP,"An unusual hybrid of phase cloak and shield technology, the Scytale is one of the most unusual frigates to see regular use in the Sector. It mounts both a low-grade shield emitter as well a phase cloak that activates in short bursts. Its combination of a shield and heavy armor make it much more survivable than a standard phase frigate. However, its complex construction makes it more expensive to maintain.",,,
expsp_kiel,SHIP,"Light-cruiser conversion of the famous Apogee-class exploration cruiser. Although slightly slow compared to its peers the Fury and the Falcon, it retains some of its progenitor's survivability. Often used to break through enemy lines or conduct flanking maneuvers, serving as the hammer to the anvil that is the Lazarus-Class Heavy Cruiser",,,
expsp_backstab,SHIP,"Advanced strike craft used by MVS forces. Its most prominent trait is the phase system embedded in its hull. Its ""Phase Lines"" are cost-effective and efficient, but emit a level of exotic radiation deadly for human pilots, an issue exacerbated by the lack of space in the craft to mount shielding. In order to counteract this issue, a simple automated control chip is mounted in a human pilot's place, though even such a device is eventually damaged beyond repair after a few sorties. Despite these issues, it is liked by crew and ship commanders alike, thanks to its ability to reliably deliver high-powered ordnance without getting hit.",,,
expsp_hound_drone_mvs,SHIP,"Automated refit of the common Hound freighter. Equipped with a Silence Hybrid Blaster and a Plasma Burn system, making it an effective strike corvette.",,,
expsp_jas39x,SHIP,"Standard automated light MVS fighter. Its Delta-class AI, although simple, has been optimized by cycles of continued use, leading to highly efficiency. Its reactor core can temporarily overclock, granting a boost in maneuverability that can allow a fighter to quickly change direction to evade or pursue enemies. Lacks missiles, but a pair of fragmentation grenade launchers allows each fighter to cover a zone with a maelstrom of razor-sharp fragments, shredding enemy ordnance and fighters into scrap.",,,
expsp_crusaderv,SHIP,"Manned fighter design that hails from a long lineage of aerospace fighters armed primarily with a quartet of autocannons. Unshielded, but capable of tearing through all but the most heavily armored enemy fighters and frigates.",,,
expsp_kiteskipper,SHIP,"A post-Collapse ""chipbash"" of the Kite and the Mudskipper shuttles, the Switchblade would have caused much legal trouble if the creators of the two original vessels were in any shape to complain. Fast and survivable, the Switchblade is let down only by its lack of modular weapons. However, its built-in Kamikaze Shuttle Launcher somewhat alleviates this issue. Often used as a miniature troop transport thanks to its large personnel capacity and specialized equipment for ground operations. However, its true specialty is as a raiding vessel, capable of chasing down and destroying enemy freighters, allowing for MVS forces to recover stolen goods from pirate convoys.",,,
expsp_sammlerin,SHIP,"Common MVS civilian vessel created from various common blueprints. Rugged and reliable, the Piran is loved by its crews as not only a capable mining ship, but a salvager, a light freighter, and all too often in the chaotic Persean Sector, a decent makeshift combat vessel. Although lacking in direct firepower and mobility, the Piran makes up for it with its survivability, versatility, and a swarm of heavily-armed mining drones. In fact, the Piran has been used so often in defensive operations against pirates and as a convoy escort that new hulls now come upgraded to military standards by default.",,,
expsp_asciislaught,SHIP,Anomalous signature appearing in the shape of the famous Onslaught battleship. Very dangerous.,,,
expsp_thunderer,SHIP,"Heavy unmanned strike craft used by MVS. Although the LPC can only manufacture one craft at a time, the design's devastating armament and excellent survivability allow it to prove a credible threat to anything it can catch up to. However, such abilities come at a significant cost per craft.",,,
expsp_supportdrone,SHIP,"Advanced PD drone mounted on elite MVS ships. Much of its internal space is devoted to providing targeting data to increase its effectiveness against fighters and missiles, making its dual Coil CIWS units and ventrally mounted PD laser devastating against enemy ordnance and small craft.",,,
expsp_scholarmvs,SHIP,"Mobile, well-armed battlecarrier used by elite MVS fleets. Its design was reverse-engineered from a damaged hull of a previously unknown design discovered near Duzakh. Although it has been significantly altered to fit MVS fleet doctrine, it still retains remnants of a design philsophy emphasizing mobility and firepower over survivability. Aggressive, fast, and capable of enhancing the performance of its fighters as well as itself, the Aquinas shines when under a skilled commander.",,,
expsp_abysswalker,SHIP,"Highly mobile battlecruiser that serves as the backbone of Mischmetal's capital ship fleets. Suprisingly well shielded and armored, the Abysswalker eschews the usual battlecruiser doctrine of sacrificing survivability, and instead trades direct firepower for versatility, agility, and durability. A well rounded complement of missile, ballistic, and energy mounts alongside a pair of modular fighter bays provides excellent loadout flexibility. Further augmenting already impressive mobility, the ship's Abyss Dash system briefly envelops the ship in a thin P-space field, increasing mobility and reducing incoming damage. Although incapable of truly teleporting the ship like the similar Phase Skimmer system, the Abyss Dash is far more reliable on larger vessels. Alongside its relatively undemanding logistics profile for a MVS vessel, these traits make the Abysswalker loved by its crews and allies.",,,
expsp_korsettes,SHIP,"Essentially a relativistic kill missile with a damper field, Delta core control unit, and a hyperdrive fitted internally, the Korsettes serves as a battering ram, disrupting enemy fleet formations. A prow-mounted kinetic beam allows it to slice through shielded vessels.",,,
expsp_lowe,SHIP,"Durable support drone that ses its potent EMP arsenal to disable targets, leaving them vulnerable for a killing blow from its mothership.",,,
expsp_scharfrichter,SHIP,"A rarity among MVS fleets, the Eustace-class interdictor destroyer was developed as a counter to the threat of phase vessels. Although slightly weakly armed for a destroyer of its cost, its disruptor system and powerful built-in stake driver allow it to disable and deal crippling damage to phase vessels.",,,
expsp_puukko,SHIP,"Light MVS frigate based off of the ubiquitous Wolf hull. Retains a similar weapons layout as its ancestor, albiet with more versatility alongside a PD drone and built in Poke missiles. However, an omnidirectional shield emitter ensures the vessel can better survive large engagements. Sister design to the more advanced Stiletto frigate, sharing approximately 60% parts commonality. 

Puukko captains are famous for their rivalry with Kampfmesser captains, the former favoring their superior firepower and burst mobility, the latter preferring heavier armor and sustained tactical mobility.",,,
expsp_cargodrone,SHIP,"Loader drone for placing cargo crates within the Bona's armored hull, equipped with a PD laser for use against debris, and in emergencies, incoming enemy fighters and ordnance. Surprisingly durable thanks to the ablative armor provided by an empty cargo crate.",,,
expsp_sunder_mvs,SHIP,"MVS refit of the Sector-standard Sunder destroyer, converted to house an integrated Reiterpallasch particle repeater instead of the usual central energy hardpoint. Enhanced armor, shields, and a pair of Attack Funnels improve survivability.

A technologically advanced yet fragile destroyer from the late Domain era designed to provide additional firepower in fleet actions carried out by the stretched Domain Navy rather than serve on independent patrols. It has powerful shield emitters and energy weapons but is vulnerable to strike craft and flanking assault frigates.",,,
expsp_dominion,SHIP,"The Dominion is an advanced MVS design with a distinctive ""flying wing"" silohuette. Maintenance-heavy, but capable of bringing a vast amount of firepower to bear through its numerous fighter bays and weapon mounts. Unlike the Astral's recall system, which is mostly useful for bombers, the Dominion's system can enhance performance of all varieties of fighter craft, increasing its versatility. Although not quite as formidable in frontline combat as the Legion or similar battlecarriers for its cost, the Dominion is capable of holding its own against other capital ships, unlike the frail Astral-class.",,,
expsp_su30,SHIP,"High-grade manned interceptor used by MVS forces. Its Icarus Seeker Array system is highly effective against fighters, allowing it to sweep enemy strike craft from the battlefield. ",,,
expsp_sheath,SHIP,"Phase-capable combat drone found built into the Ascalon frigate. An internal temporal conduit allows for the craft to be affected by the time-altering equipment found on its parent vessel, though such equipment has not been successfully used on other designs. Armed with a powerful burst laser and a Light Needler, providing fire support to its mothership.",,,
expsp_ascalon,SHIP,"High-performance frigate developed using the most bleeding-edge technologies available to the forges of Mischmetal. Its central Temporal Overclock Core not only speeds up local time for itself, but also enhances its drone fighters. Much like the comparable Hyperion, the Ascalon's maintenance cost rivals that of some cruisers but can successfuly engage targets far above its weight class. Unlike its Tri-Tachyon counterpart, however, the Ascalon's systems are remarkably stable, allowing for a long engagement time before the ship must retreat for repairs. In return, the Ascalon lacks the Hyperion's excellent shields and flux core. ",,,
expsp_shank,SHIP,"Extremely simple rocket bomber drone created using a simple control unit, a rocket pod with the internal autoforge stripped out, and a few engines. Fast and expendable, but has little raw firepower.",,,
expsp_impale,SHIP,"Heavy drone fighter built around a full-sized Electrolance unit, giving it excellent firepower against destroyers and even light cruisers. Durable and relatively fast for its size, though lacks maneuverability. A pair of Icarus Seeker Array units helps it deal with enemy strikecraft that would interfere in its anti-ship role.",,,
expsp_815,SHIP,"The Object 815 is a outdated design still used by MVS second-line defense fleets or to bulk up invasion forces. Mediocre in every aspect save for its excellent logistics performance and good durability. Armed with a veratile but limited hybrid weapons package more fitting on a heavy destroyer alonside a single modular fighter bay, the 815 has chronic issues with specialization. In this aspect, it is somewhat like the Sector-standard Eagle cruiser in that it can fill numerous roles well but lacks the standout performance that a more specialized hull could deliver.",,,
expsp_mirage,SHIP,"Versatile, long-ranged fighter used by MVS forces to pressure enemy vessels with its Electro-Flechette Launchers. Mobile and survivable, though its shields are fixed forwards, making it more vulnerable to interceptors. However, the EMP effect of its guns allows for effective suppression of enemy PD.",,,
expsp_lauretana,SHIP,"Heavy assault destroyer designed for assisting ground forces and engaging in boarding operations. Mobile, well-armored, but has only a single medium-class weapon mount. However, its array of small weapon mounts allows it to pose a threat to vessels of an equal weight class. Expensive compared to the Sector-standard Valkyrie, but can hold its own in fleet actions.",,,
expsp_testament,SHIP,"The Testament is a MVS redesign of the Manifesto-class used by the fleets of the PDPRC Red Guards, modernized and refitted to vastly outperform its predecessor, albeit at an increased maintenance cost. Improved automation allows for more space dedicated towards modifications, accommodations for a Large energy weapon have been made on the ship's primary weapon mount, the crude ammo feed system has been swapped for the Harmonization Core found on the Aquinas, and a LPC for a specialized wing of elite fighters has been integrated into the ship. Most importantly, however, the frontal bay has been swapped for a heavy beam array.



The Manifesto is a robust light battlecarrier. Armed with a versatile - if somewhat light - weapons package and equipped with advanced ammunition forging and delivery mechanisms to temporarily boost its firepower, the Manifesto excels at delivering heavy ballistic and strike craft support wherever it is needed in the battlespace.



""A functional Manifesto hull was recovered thanks to the efforts of an anonymous Knight-Captain, who stormed a Revolutionary Council base with a single company of men and an assault shuttle. Although outnumbered, the MVS marines with were able to cut through the PDPRC forces and capture a pristine Manifesto with minimal losses thanks to the enemy's cowardice, infighting, and frankly disappointing training and equipment.""
-After-Action-Report detailing the capture of the vessel that would provide the data used in the creation of the Testament.",,,
expsp_mg29,SHIP,"High-performance manned interceptor used by the Testament-class pocket battlecarrier. Excellent mobility and firepower, but lacks missiles and durability.",,,
expsp_kingslayer,SHIP,"Automated heavy strikecraft chassis fitted with a MK50 Area Denial System. A recent design, the MQ-147 was developed in response to the increased presence of high-performance fighters on the Persean Sector's battlefields. Durable, reasonably maneuverable, and armed to the teeth, the ""Kingslayer"" has quickly earned a reputation for downing even veteran pilots within seconds through sheer volume of sensor-fused fire.",,,
expsp_florian,SHIP,"Bulky, expensive, and overbuilt, but beloved by its crews, the St. Florian is a rare example of a combat-rated tanker vessel. Its thick armor, decent weapons package, and complement of combat drones are sufficient to discourage all but the most determined pirate raiders. To prevent a lucky hit from the rear from causing a deadly chain reaction, the rearmost tanks are usually empty, serving as makeshift armor. For more dangerous foes, the St. Florian has a metaphorical ace up its sleeve. It possesses a teleporter device for warping destabilized fuel canisters directly into the enemy's midst, essentially a makeshift mine strike. Provided sufficient escort, the St. Florian can transport reasonable amounts of fuel while still being capable of shredding fighters as well as threatening frigates and larger vessels with limited shielding with its explosive antimatter payload.",,,
,,,,,
expsp_attackfunnel,SHIP,"Stripped down variant of the Terminator drone, mounting an Coil CIWS instead of the usual IR pulse laser. Has lower hull integrity, but also shorter refit time.",,,
expsp_bullpupatlas,SHIP,"One particular pirate warlord wished to have a closer view of the battlefield in his flagship, so he ordered the bridge of his Atlas to be moved forwards. The process signifcantly weakened the already stressed frame, but inadvertently allowed the shield systems to function more efficiently. Along the way, a makeshift hangar was added to the center of the vessel.",,,
expsp_machinaventure,SHIP,"Venture-class exploration cruiser militarized and modernized by Machina Void Shipyards. Even more durable than the original in order to make it more suited for use as a line ship. Its energy weapon mount has been upgraded to a hybrid mount for more versatility. A pair of extra mounts has been added to free up the original two ballistic mounts for use in direct combat. Fast missile racks have been replaced with an accelerated ammo feeder for more firepower. The Venture's mining pods have been replaced by more powerful PD platform drones. These improvements, however, have made the ship significantly more costly to deploy in battle.",,,
expsp_pdplatform,SHIP,Heavily armored and moderately armed drone optimized for point defense duty. Often seen on the Venture (MVS).,,,
expsp_casemate,SHIP,"Although automated machines of war were forbidden in core Domain space, war drones were quietly employed outside of officially incorporated volume. Frontier garrisons were often bolstered by drone ships, and they were deployed liberally against rebellious worlds to tip the terrible balance of attrition, setting the industrial might of the Domain versus the lives of 'freedom fighters'.

Automated destroyer armed with a centrally mounted heavy ballistic weapon. Filled with various targeting systems, the Casemate was specially designed to crack rebel defenses from extreme ranges, providing fire support for heavier drones.",,,
expsp_colossus2mvs,SHIP,"Attempt to militarize the Colossus based on Luddic Path ""designs"" by Machina Void Shipyards. More durable, better armed, and faster than its Luddic counterpart, but lacks Safety Overrides by default. Equipped with the Plasma Jets system found on the Aurora, allowing it to engage and disengage easily. Equipped with a MVS Hammer barrage. Carries a wing of Attack Funnels for support. More difficult to deploy, but overall a significant improvement.",,,
expsp_colossus3mvs,SHIP,"Attempt to militarize the Colossus based on Pirate ""designs"" by Machina Void Shipyards. More durable, better armed, and faster than its Pirate counterpart, but has one of its two primary fighter bays locked to manufacturing Talons. Equipped with an enhanced flare system. It also carries a wing of Attack Funnels for support. More difficult to deploy, but overall a significant improvement.",,,
expsp_talonmns,SHIP,"Autonomous variant of the famous Talon retrofitted by MVS. Carries a miniaturized Poke SRM and a Coil CIWS instead of a Swarmer and Vulcan cannon. Slightly harder to produce and much more costly to mount, but outperforms the original by almost every metric.",,,
expsp_pokebomber,SHIP,"MVS autonomous bomber armed with a Type 56 light torpedo. Not quite as deadly in terms of raw damage potential as the comparable Longbow, but makes up for the deficit in striking power with sheer aggression and limited fighter-bomber capability.",,,
expsp_favela,SHIP,"Upon seeing the Atlas MK.IIB, a somewhat more competent and even more insane pirate head engineer found potential in the misshapen hull as a core frame for a far more imposing warship. Taking the battery section of an orbital station, parts from decomissioned orbital structures, and the cargo hold of a Colossus MK.III, the engineer devised a heavily-armed mobile fortress of sorts. The resulting beast came to be known as the Favela. Capable of flooding the battlefield with fire, the Favela also carries a burn drive system, allowing it to enter the fray much faster than its ungainly structure would suggest. However, its limited shield and horrendous turn rate leave it vulnerable to flanking.",,,
expsp_glare,SHIP,"A remnant of the autonomous AI fleets developed by the Tri-Tachyon Corporation. Illegal under Domain (and Hegemony) law, and an abomination to the Church of Galactic Redemption, the First AI War saw these creations purged from the Sector. At least that is how the official histories tell it.

The Glare-class is a battlecarrier conversion of the Fulgent containing components from the Brilliant, Scintilla, and Lumen ship classes, though it retains at least 50% parts commonality with its progenitor class. Terrifyingly agile and surprisingly resilient, though lacks the punch of other Remnant destroyers.",,,
expsp_chrysostom,SHIP,"Light cruiser built around a pair of heavy kinetic missile tube arrays. Reasonably mobile and logistics friendly, allowing it to fit in a variety of fleet compositions. Designed to counter high-tech designs with near-constant kinetic missile pressure. Its unique system greatly improves missile speed, but hampers tracking and generates flux. However, its low number of modular slots means it must sacrifice either point defense or conventional firepower. ",,,
expsp_tzaphkiel,SHIP,"The Tzaphkiel-class Advanced Test Platform is the harbinger of a revolution in MVS ship design, boasting a plethora of advanced technologies both original and altered from existing designs. Incredibly agile for a ship of its size and carrying a weapons loadout similar in size to that of a Sunder-class, the Tzaphkiel would serve a formidable destroyer even without the advanced system it contains, albeit one with an exorbitant maintenance cost. Layers of enhanced composite plating paired with reinforced hull structure give it good survivability, especially considering its powerful flux core and better-than-average shield generator. However, the experimental flux core must have much of its structure exposed to avoid overheating. Passive venting on these exposed areas surrounds them with a signature golden light, often called ""eyes"" due to their shape. Despite all of these improvements on base MVS designs, the most exceptional aspects of this design are its primary weapon and active system. The experimental Nano-Pillar Projector can slowly strip away enemy armor or bash down their shields, albeit not at its full potential due to fears of the nanites within the projectiles consuming the ship instead of its foe. The Tzaphkiel's ""Lock"" EW system sends a torrent of scrap-code directly to an enemy ship's cogitation core, overwhelming the vessel's systems with conflicting data. This paralysis makes weapon locks fail, autoloaders freeze up, and engines lower output due to overheating issues that were never there to begin with. However, as abruptly as it struck, this disruption fades, in order to prevent the Lock Core from suffering overexertion issues of its own. With this array of bleeding-edge technology, the Tzaphkiel is a potent force multiplier to any fleet blessed enough to have one, provided it is in skilled hands.",,,
expsp_helena,SHIP,"Allegedly a scrapped pre-Collapse pocket battlecruiser design recently recovered and retrofitted into a civilian cruiser for both export and domestic use. Designed with survivability in mind, the St. Helena-class is bristling with PD mounts, well-armored, and posesses a damper field-enhanced burn to quickly escape dangerous situations. One of the few cruiser-sized vessels in the Sector with a salvage gantry, the Helena is valued by both MVS and Independent salvage fleets for its ability to rapidly recover valuable components from debris fields while enjoying relative safety. In combat, the Helena-class' military heritage shows, as it still possesses a reasonable armament alongside its support drones.",,,
expsp_type45,SHIP,"Durable heavy mining drone found on the St. Helena-class exploration and salvage cruiser. Carries a plethora of mining equipment, alongside a pair of minaturized SRM launchers for self-defense. Capable of drawing enemy fire and distracting enemy heavy fighters, allowing its smaller brethren to survive long enough to carry out their duties.",,,
expsp_helena_mil,SHIP,"A military variant of the St. Helena-class salvage cruiser, with an upscaled, capital-grade flux core and heavier weapons, at the cost of its builtin mining drones. Slightly altered from the original blueprints both variants were based off of, with some advanced systems removed for more reliable performance in the post-Collapse Sector. Fast and aggressive, the St. Helena (M) is a popular flagship for smaller task forces, as its excellent drives allow it to keep pace with cruisers.",,,
expsp_raphael,SHIP,"Light cruiser-sized carrier capable of speeds rivalling even some destroyers, while still maintaining a large complement of strikecraft. Decent defensive armament and missile-capable weapon mounts allow it to support its fighters from relatively close range, aided by relatively thick armor and a powerful flux core for a carrier. Its excellent mobility is further bolstered by a series of secondary boosters, reactor overclock protocols, and enhanced afterburners for its strikecraft, allowing both mothership and fighters to achieve blisteringly fast top speeds. Lacks the bite of a Heron's targeting systems, but can harrass all but the most agile of foes with little risk of retaliation.",,,
expsp_testudo,SHIP,"Compact defense frigate designed for escorting larger vessels and protecting them from missiles and strikecraft. The Testudo-class is a radical redesign based on the hull of the Kite-class shuttle, optimized for maximum defensive power with a reinforced hull structure and heavy armor plating. Carries a full wing of PD drones, unlike most MVS frigates, further improving performance against small targets.",,,
,,,,,
,,,,,
,,,,,
,,,,,
,,,,,
,,,,,
,,,,,
,,,,,
,,,,,
,,,,,
,,,,,
expsp_poke,WEAPON,Short-medium range missile created by Machina Void Shipyards. Equipped with a powerful internal autoforge to provide sustained fire. Its evolutionary swarming control system to intercept high delta targets allows for exceptional tracking.,,,
expsp_poke_fighter,WEAPON,"Short-medium range missile created by  Machina Void Shipyards, specialized for fighters.  Its evolutionary swarming control system to intercept high delta targets allows for exceptional tracking.",,,
expsp_poke_med,WEAPON,Short-medium range missile created by  Machina Void Shipyards. Equipped with a powerful internal autoforge to provide sustained fire. Its evolutionary swarming control system to intercept high delta targets allows for exceptional tracking. Heavier pod mount allows for higher rate of fire.,,,
expsp_pokemini,WEAPON,"Short-medium range missile created by Machina Void Shipyards. Equipped with a powerful internal autoforge to provide sustained fire. Its evolutionary swarming control system to intercept high delta targets allows for exceptional tracking. Cheaper, smaller variant for mounting on fighters and lighter ships.",,,
expsp_hammerrackmns,WEAPON,"An unguided torpedo launcher descended from the humble Hammer torpedo, the MK.30 serves as an effective dumb-fire weapon effective at potentially all ranges, if in the hands of a skilled gunner. Each torpedo also carries a light EMP charge alongside the primary HE filler, allowing a barrage to shut down engines and occasionally paralyze a few weapons.",,,
expsp_flickmini,WEAPON,"Short range kinetic missile created by Machina Void Shipyards Equipped with a powerful internal autoforge to provide sustained fire. Missiles are more durable but weaker compared to the Swarmer-class missile the Flick is based off of. Cheaper, smaller variant for mounting on fighters and lighter ships.",,,
expsp_railcannon,WEAPON,"Heavy kinetic weapon created by Machina Void Shipyards. Utilizes more optimized electromagnetic propulsion methods than the Gauss Cannon, but lacks the same sheer impact force.",,,
expsp_coilciws,WEAPON,"Common point defense weapons used by Machina Void Shipyards. Uses a hybrid chemical-coil propellant system with minimal recoil. Longer ranged than most point defense weapon, and can act as a serviceable anti-shield weapon like the Light Machine Gun.",,,
expsp_lightningspear,WEAPON,"Superheavy railgun created by Machina Void Shipyards. Has only slightly more range than a standard Gauss Cannon, but deals far more damage and can shut down enemy systems with its EMP capabilities. Only found mounted on the Dragonhunter siege battlecruiser.",,,
expsp_coilciws_med,WEAPON,Twin-linked variant of the Coil CIWS. Longer barrels allow for greater range and power at the expense of flux efficiency. Built-in targeting systems ruthlessly tear apart enemy fighters and missiles. Its increased range makes it a viable medium-close range anti-shield weapon.,,,
expsp_eisenfaust,WEAPON,"MVS super heavy railgun. Powerful accelerator coils allow for extreme range, and a built-in plasma warhead produces a secondary explosion on hit, allowing the weapon to be more effective against armor.",,,
expsp_lockdown,WEAPON,"Short-ranged energy weapon with EMP capabilites. Based off the Mining Blaster chassis, though upgrades have rendered it far more flux-efficient. A perfect weapon for those pounding away at hostiles in a close-quarters, face-to-face duel or phase ships, capable of shutting down weapons and engines while also dealing massive hull damage.",,,
expsp_gluonlance,WEAPON,"Powerful energy strike weapon created using the same frame as the Tachyon Lance.  Uses the Strong Force to tear apart its target at the subatomic level using mechanisms barely understood by modern MVS engineers. Deals more raw damage at a higher efficiency compared to the Tachyon Lance, but sacrifices its EMP capabilities. ",,,
expsp_dpcannon,WEAPON,Versatile MVS-built cannon. Fires kinetic shells with an integrated secondary high explosive charge that detonates on impact. Useful in almost every situation. Built-in targeting suite allows for a secondary PD function.,,,
expsp_jab,WEAPON,"MVS adaptation of the common Annihilator missile. Weaker payload and lower amount of initial ammuntion, but with a better engine and initial launch velocity. Comes with an autoforge for sustained perfomance in longer battles.",,,
expsp_reiterpallasch_builtin,WEAPON,"MVS burst-fire energy weapon built on the Thermal Pulse Cannon chassis. Even more efficient, but less effective against armor due to lower power per individual shot. Unlike the TPC, a minor EMP effect allows it to shut down enemy systems.",,,
expsp_electrolance,WEAPON,"Light lance-type weapon created using an Ion Cannon chassis. Deals considerable amounts of damage to armor, along with a fair bit of disruption to nearby systems. Hard to mount, but a powerful tool in the right hands.",,,
expsp_particle_scatterblaster,WEAPON,"Light shotgun-like energy weapon created from a PD laser chassis. Weak containment field leads to a short range, but relatively high flux efficiency for an energy weapon. Serves well as a point defense weapon, capable of intercepting all but the most durable of missiles, though it often cuts it too close for comfort. However, its true specialty is as a knife-fighting weapon, causing ruinous damage to exposed hull. Instability of the projectiles causes occasional energy arcs to strike enemy weapons and engines, giving the weapon a secondary disabling effect.",,,
expsp_scepter,WEAPON,"A hybrid of parts taken from the Mark IX Autocannon and Gauss Cannon, the Scepter-class Siege Cannon takes the rapid fire rate and efficiency from the former, and some of the range from the latter. However, its bulk and specialization means that instances must be directly built into a ship's hull. Signature weapon of the Principality-class battlecarrier.",,,
expsp_coilciwsbuiltin,WEAPON,A longer-barreled version of the Coil CIWS fully integrated into its parent vessel. Longer range and slightly higher damage compared to its modular sibling.,,,
expsp_particle_caliver,WEAPON,"Light energy point-defense weapon based off of the Particle Scatterblaster. More efficient than the IR Pulse Laser and has a slight EMP effect, but weak against armor.",,,
expsp_particle_caliver_med,WEAPON,"Double-barreled variant of the Particle Caliver made for medium weapon mounts. Longer range, better armor penetration. Although not a dedicated PD weapon like its smaller counterpart, it can intercept missiles in a pinch.",,,
expsp_beacon,WEAPON,"Highly efficient beam weapon designed for the Clement-class cruiser. Keeps shields up, has reasonable performance against armor, and can be used as a makeshift point defense weapon in a pinch.",,,
expsp_armorhunter,WEAPON,"Long-ranged small autocannon, with good performance against heavy armor, as the name suggests. Often used by MVS frigates and fighters.",,,
expsp_quicksilverblaster,WEAPON,"Retrofit of the Silence Hybrid Blaster, found only on the Dismas-class Heavy Destroyer. Long-ranged, but ineffective against shields and armor. However, it can deliver a devastating finishing blow to targets with weakened armor.",,,
expsp_supportcannon,WEAPON,"Light, long-ranged kinetic autocannon found on the Virtue-class. Provides pressure against enemy shields.",,,
expsp_microlance,WEAPON,"Miniaturized, magazine-fed lance weapon, optimized for performance against enemy armor. Serves as a powerful, if inefficient PD weapon against unshielded fighters and missiles.",,,
expsp_jab_fighter,WEAPON,"Guided variant of the UGR-70 rocket, trading durability and rate of fire for accuracy and power.",,,
expsp_slap,WEAPON,High-powered MVS cruise missile with a strong EMP effect and extreme speed. Best thought of as a slightly longer-ranged torpedo.,,,
expsp_type56,WEAPON,"Low-yield MVS kinetic torpedo with a mild EMP effect and extreme speed. Lacks the powerful homing capabilities of the Atropos, but can course correct to increase hit probability.",,,
expsp_type56_med,WEAPON,"Low-yield MVS kinetic torpedo with a mild EMP effect and extreme speed. Lacks the powerful homing capabilities of the Atropos, but can course correct to increase hit probability. Quad mount version for medium hardpoints.",,,
expsp_type56_fighter,WEAPON,"Low-yield MVS kinetic torpedo with a mild EMP effect and extreme speed. Lacks the powerful homing capabilities of the Atropos, but can course correct to increase hit probability.",,,
expsp_slap2,WEAPON,High-powered MVS cruise missile with a strong EMP effect and extreme speed. Best thought of as a slightly longer-ranged torpedo. Double mount version comes with improved autoloader.,,,
expsp_slap_med,WEAPON,High-powered MVS cruise missile with a strong EMP effect and extreme speed. Best thought of as a slightly longer-ranged torpedo. Quad mount version for medium hardpoints.,,,
expsp_supportlaser,WEAPON,"Low-powered, long-ranged laser found on some MVS ships. Useful for suppressing enemy shields.",,,
expsp_tap,WEAPON,"Light swarm missile launcher based on miniaturized Locust technology. Effective against fighters and lightly armored frigates, but hard to mount.",,,
expsp_trip,WEAPON,"Anti-engine sibling to the Tap swarm missile, firing a volley of individually weak heat-seeking EMP missiles at the target.",,,
expsp_morganbeam,WEAPON,"High-powered laser weapon designed by MVS. High effectiveness against enemy subsystems, but relatively low anti-armor performance for its class. Calibrated to be able to pierce shields.",,,
expsp_kamikazeshuttle,WEAPON,"Hacked shuttle automanufactory rigged to launch stripped-down shuttles with only engines, plating, and a reactor set to overload on impact or in 10 seconds after launch, whichever comes first. The resulting explosion is surprisingly effective against shield generators.
",,,
expsp_minelaser2,WEAPON,"Heavy mining laser array directly linked to the Piran's core systems. Unable to turn, but offers good efficiency and range. Interestingly enough, provides some disruption against enemy systems.",,,
expsp_lightmine,WEAPON,Rack of low-yield anti-fighter fusion mines designed to keep an area free of enemy fighter craft. Found mounted on the Scytale-class Hybrid Phase Frigate.,,,
expsp_thunderheadac,WEAPON,"High-powered rotary plasma cannon used by the Thunderer attack craft. Decent performance against shields and bare hull, though the task of breaking armor falls to the craft's rocket launchers. EMP arcing effect fries systems, giving it the ability to shut down lighter targets, perfect both in space combat and in its original role as an anti-tank weapon.",,,
expsp_coilciws_lrg,WEAPON,"The largest weapon in the Coil CIWS family, the Saturation Coil Ciws Battery is designed to swat waves of missiles and wings of fighters off of the battlefield. Sacrifices more flux efficiency and individual shell power for sensor-fuzed munitions and rate of fire. Devastating against shielded targets, and performs well as a close-range shieldbreaker.",,,
expsp_hunterflak,WEAPON,"Rapid-fire point defense weapon equipped with a distinctive sensor drum that gives it excellent range and the ability to distinguish between flares and valid targets. Its sensor-fuzed shells are specialized against small targets, though it can also serve in an anti-ship role when necessary.",,,
expsp_chainhunter,WEAPON,"Essentially a modernized Thumper, the MK. XV Chaingun is a short-ranged rotary cannon that fires a burst of fragmentation shells. Unlike its predecessor, the shells are sensor-fuzed, flooding the target area in a hail of metal shards, devastating unarmored hull and disrupting enemy systems. Although ineffective against shields and armor, the MK. XV's targeting computer allows it to shred even the toughest of ordnance and lightly armored fighters. and rip through vessels with compromised defenses. Simple and versatile, a viable choice for nearly any battlefield role that does not require long range.",,,
expsp_plinker,WEAPON,"A budget alternative to the Hypervelocity Driver, the Type 63 Revolver Autocannon is cheap and reliable. The weapon's simplicity is a boon for logistics, its design layout dating to before the dawn of spaceflight. However, its main weakness is the pitiful anti-armor performance of its simple alloy-based rounds, leading to its nickname, ""Plinker"". However, its low flux cost combined with its impressive anti-shield firepower allows for dedicated anti-armor weapons to do their job.
",,,
expsp_plinker_sml,WEAPON,"A minaturized version of its larger sibling, the Type 63L Light Revolver Autocannon provides excellent range for a small mount weapon. Packs most of the performance of its medium mount equivalent, though it lacks the ammo reserve of the standard variant, feeding directly from an autoloader. Sacrifices accuracy, velocity, and striking power due to its shorter barrel.
",,,
expsp_flarelauncher_crimson,WEAPON,"Flare system found on some MVS ships and fighters. Launches a burst of smart flares that deal significant disruption to shields and systems, allowing them to be a useful tool in close-quarter brawls.",,,
expsp_energizedram,WEAPON,Anti-shield beam weapon found on the Korsettes-class ram frigate. Can tear through shields thanks to the ship's built-in High Scatter Amplifier. Also effective against weakened armor and hull.,,,
expsp_executor,WEAPON,"Built-in weapon found on the Eustace-class interdictor destroyer. Fires a trio of corrosive bolts into a target's hull, breaking apart armor. Also reasonably effective against shields.",,,
expsp_plasmamrm,WEAPON,"Medium-range Multiple-launch missile system. Fires a volley of six flux-primed, low-yield missiles with plasma warheads equally effective against shields or armor. Good tracking, speed, and durability for each individual missile makes each volley hard to intercept. Useful in almost every situation.",,,
expsp_evelyn,WEAPON,"The DEP-241 ""Evelyn"" Particle Bolter is in fact a refined mass-production variant of a haphazardly assembled device constructed from a the firing assembly and one of the stabilizing prongs from a damaged Reiterpallasch Particle Repeater, spare capacitor banks from an Autopulse Repeater, and a Mjolnir Cannon mount to hold the thing together. The resulting energy bolts are powerful if unstable, making the weapon surprisingly capable in close-range engagements.",,,
expsp_icarus,WEAPON,"A development of the Bloodtinge Missile Defense System more focused on anti-fighter capabilities. Effective against small targets, but falters against shields and heavy armor. ",,,
expsp_multilaser,WEAPON,"Rapid-fire burst laser used in a point defense role by MVS forces. Lower anti-armor effectiveness and burst firepower compared to the common Burst PD Laser, but better sustained rate of fire and range. Highly effective against swarms of weak missiles.",,,
expsp_autogun,WEAPON,"Twin-linked autocannon specialized against armor. Somewhat poor anti-armor performance, but flux-efficient and capable of overcoming weaker armor with volume of fire.",,,
expsp_lrm_med,WEAPON,"Advanced long-ranged missile equipped with a light fusion charge. Better performance against shields and armor compared to its cousin the Pilum, but lacks its shield-piercing EMP arcs and second-stage boost.",,,
expsp_scalpel,WEAPON,"Long-ranged precision PD weapon designed to be used in concert with Coil CIWS units. Its sensor-fused shells lead to impeccable hit rate paired with its excellent accuracy and projectile velocity. Somewhat expensive, but good against weaker missiles. However, its performance comes at a cost of high flux usage for a PD weapon.",,,
expsp_iapetus,WEAPON,"Heavy anti-armor weapon developed to serve as the middle ground between the Hephastus Assault Gun and the Hellbore. Not as effective against heavy armor as the latter, and slower firing than the former, but longer ranged than both. A properly timed burst can cause crippling damage to enemy armor, making it popular amongst skilled gunnery officers.",,,
expsp_melta,WEAPON,"Short-ranged fusion beam weapon designed to cut through enemy armor plating and hull. Its niche as a close quarters anti-armor weapon makes it a beam equivalent of the common Assault Chaingun. Less flux-efficient and lacks the same damage output, but performs better against tougher armor.",,,
expsp_razorwind,WEAPON,"Short-ranged low-caliber autocannon designed to pressure shields at medium range. High rate of fire, but lighter rounds lower damage potential compared to the standard Dual Light Autocannon. However, its good flux efficiency mitigates these flaws to some extent.",,,
expsp_diana,WEAPON,"Low-yield guided kinetic missile multi-launch system found on the Chrysostom-class light cruiser. A secondary fusion charge provides additional, if somewhat inconsistent, firepower.",,,
expsp_arcfusil,WEAPON,"Advanced energy weapon designed to counter agile, well-shielded opponents. Excellent range for an energy weapon, but somewhat inefficient. Its powerful EMP effect and shield-piercing arcs makes it an equivalent to the Sector-standard Ion Beam.",,,
expsp_judgement,WEAPON,"High-powered beam array found on the Testament-class Pocket Battlecarrier. Excellent efficiency, but requires its capacitor banks to recharge in order to fire, lowering sustained performance.",,,
expsp_pillar,WEAPON,"An exotic heavy weapon found spinally mounted on the Tzaphkiel-class, the Nano-Pillar Projector accelerates a powerful kinetic container full of nanites at the target. Though the initial impact is ineffective against armor, the nanomachines within start melting any intact armor plating in the area, wearing it down over time. ",,,
,,,,,
MVS,FACTION,"Machina Void Shipyards is a neutralist faction based in the eastern Persean Sector, away from the prying eyes of the major powers of the Core. Although formerly a second-rate research and shipbuilding corporation in competition with Tri-Tachyon in the Domain era, significant restructuring after the Collapse have transformed them into a disciplined, stable force. Over the cycles, Machina Void Shipyards has built a healthy relationship with various independent polities, forging mutally beneficial arms and blueprint trade agreements. One of their most notable traits is their determined campaign to reduce piracy, making their systems are a rare respite from the lawlessness that permeates the eastern fringe.",,,
planet_damascus,CUSTOM,"A bitterly cold tundra world that serves as the capital of Machina Void Shipyards. Only colonized shortly before the Collapse, its terraforming efforts were halted by the closure of the gates. The planet's population is mostly concentrated around the relatively warm equator, along with the handful of mining outposts founded to tap the world's mineral wealth. Individuals who hail from Damascus are known for their diligence and tolerance for hardship.",,,
planet_mischmetal,CUSTOM,"Military and industrial center of the Osmium system. Orbiting Damascus, the moon provides much-needed military support to its primary, helping fend off raiding pirate fleets with its significant production output of ships and armaments.",,,
planet_ivar,CUSTOM,"A colossal orbital fortress rivaling the now-lost Astropoli of the Mayasura system in size, Fort Ivar orbits over the planet of Gunmetal, providing support with its military installations and the station's own defensive capabilities. However, Fort Ivar is not merely a defensive outpost. Vast fuel refineries tucked beneath meters of armor plating and station hab-blocks refine volatiles into the antimatter fuel critical to the Machina war effort, aided by a synchrotron core recovered from ruins a century after the Collapse.",,,
planet_gunmetal,CUSTOM,"An independent frontier polity serving as the economic heart of the Vanadium system, Gunmetal is a farming and refining world with a potent military presence. Further augmenting its defense is the MVS outpost known as Fort Ivar.",,,
,,,,,
expsp_abyssdash,SHIP_SYSTEM,Provides a brief boost to maneuverability and durability. The system slowly builds up to two charges which can then be expended in short order.,,,
expsp_datalink,SHIP_SYSTEM,"Makes fighters deal more damage, take less damage, and move more quickly, but generates hard flux.",,,
expsp_bombardmentmode,SHIP_SYSTEM,"Greatly reduces speed and increases shield upkeep, but improves shield and weapon effectiveness.",,,
expsp_hybridfocus,SHIP_SYSTEM,"Enhances both ballistic and energy weapons with specialized ammunition and higher energy output respectively, increasing damage dealt, but less effective than specialized systems.",,,
expsp_burstcore,SHIP_SYSTEM,"Temporarily increases rate of fire for non-missile weapons, but flux generated per shot remains the same.",,,
expsp_authority,SHIP_SYSTEM,"Siphons a moderate amount of flux, boosting shield efficiency, increasing fighter speed, and reducing fighter damage taken.",,,
expsp_beamovercharge,SHIP_SYSTEM,"Temporarily increases speed, along with beam weapon damage and flux efficiency. Other weapons affected by half.",,,
expsp_cossackjets,SHIP_SYSTEM,"Increases top speed and weapon damage for a short time, along with a minor maneuverability boost.",,,
expsp_drone_xf850dmult,SHIP_SYSTEM,Deploys up to 4 Coil CIWS-armed drones for point defense.,,,
expsp_xf850d_launch1,SHIP_SYSTEM,Deploys a pair of XF-850D drones for point defense.,,,
expsp_attackfunnel_launch1,SHIP_SYSTEM,Deploys a single Attack Funnel for point defense.,,,
expsp_ewdisruptor,SHIP_SYSTEM,"Lowers enemy weapon ROF, range, and lowers enemy mobility in a certain radius.",,,
expsp_ewsupport,SHIP_SYSTEM,"Increases weapon range, max speed, and missile speed of nearby allies.",,,
expsp_inertialessdrive,SHIP_SYSTEM,"Massively improves acceleration/deceleration, while also increasing speed.",,,
expsp_phasecloakmvs_burst,SHIP_SYSTEM,"Briefly dive into P-space at no flux cost, but hard flux still cannot be dissipated.",,,
expsp_coreoverclock,SHIP_SYSTEM,"Briefly increases speed, maneuverability, and weapon performance, but makes the ship take more damage.",,,
expsp_aegiscore,SHIP_SYSTEM,"Drastically reduces damage taken for a short period of time and increases weapon flux efficiency, but disables shields.",,,
expsp_harmony,SHIP_SYSTEM,Briefly improves performance of both mothership and fighters.,,,
expsp_pursuitburn,SHIP_SYSTEM,"Briefly propels the ship forwards, with strafing still possible.",,,
expsp_microemp,SHIP_SYSTEM,"Activates an EMP generator. Nearby missiles, fighters, weapon emplacements and engines of enemy ships are all targeted and can be disabled in short order.
",,,
expsp_disruptor,SHIP_SYSTEM,"Briefly overloads an enemy ship within medium range, storing multiple charges. ",,,
expsp_divinelight,SHIP_SYSTEM,"Improves ship speed, and grants improved fighter speed, durability, and damage.",,,
expsp_crimson_fighter,SHIP_SYSTEM,Launches EMP flares to distract PD and missiles. ,,,
expsp_fightertemporalshell,SHIP_SYSTEM,"Speeds up the flow of time on board the ship and for fighters. Generates a significant amount of flux when used.
",,,
expsp_energizedcharge,SHIP_SYSTEM,"Provides a brief engine boost, propelling the ship forward at an extreme velocity. Low-grade integrity fields and extra shield capacitors help reduce damage taken while system is active.",,,
expsp_missileboost,SHIP_SYSTEM,"Increases missile acceleration, speed, and damage, but incurs a flat flux cost per missile and reduces guidance capability.",,,
expsp_lock,SHIP_SYSTEM,"Briefly lowers enemy weapons performance and mobility, the effect growing stronger as it approaches its end. ",,,
expsp_blessing,SHIP_SYSTEM,"Boosts mobility of both carrier and fighters, and gives a minor boost in fighter weapon damage.",,,
expsp_fuelteleport,SHIP_SYSTEM,"Teleports a destabilized fuel canister to the target area. The canister quickly explodes after its proximity trigger is activated, dealing moderate energy damage in a wide area.",,,
expsp_defensefocus,SHIP_SYSTEM,"Greatly reduces ship speed and weapon fire rate, but enhances shields and PD performance.",,,
,,,,,
expsp_asciitpc,WEAPON,Anomalous weapon firing what seems to be red-colored words at the target. Similar in function to the Thermal Pulse Cannon used by the Onslaught.,,,
expsp_blam,WEAPON,"Extradimensional equivalent of the Annihilator rocket launcher. Faster, and has infinite ammo. ",,,
,,,,,
expsp_asciilasher,SHIP,Anomalous signature appearing in the shape of a Lasher frigate.,,,
expsp_dominion_belka,SHIP,"An offshoot of the standard Dominion fleet carrier, this vessel mounts a titanic laser emitter usually found only on planetary defense installations. A pair of integrated elite fighter LPCs and remaining fighter bays help defend the craft.

The Dominion is an advanced MVS design with a distinctive ""flying wing"" silohuette. Maintenance-heavy, but capable of bringing a vast amount of firepower to bear through its numerous fighter bays and weapon mounts. Unlike the Astral's recall system, which is mostly useful for bombers, the Dominion's system can enhance performance of all varieties of fighter craft, increasing its versatility. Although not quite as formidable in frontline combat as the Legion or similar battlecarriers for its cost, the Dominion is capable of holding its own against other capital ships, unlike the frail Astral-class.",,,
expsp_caliburn,WEAPON,"High powered chemical laser usually found on planetary weapons installations, but mounted on a Dominion hull as a siege weapon. Extreme damage potential and high efficiency.",,,
expsp_rtls,WEAPON,"Modified Morgan Tactical Lance with lower firepower, but longer range and the ability to efficiently cut down fighters and missiles.",,,
