{
	"id":"exshippack_armaacompat",
	"name":"Machina Void Shipyards Armaa Expansion Patch",
	"author":"Unit9461",
	"version":"0.70a",
	"description":"Adds Arma Armatura Strike Craft to Machina Void Shipyards",
	"gameVersion":"0.98a-RC7",
	 "dependencies": [
        {
            "id": "lw_lazylib",
            "name": "LazyLib",
            #"version": "2.6"
        },
        {
            "id": "MagicLib",
            "name": "MagicLib",
            #"version": "2.6"
        },
		{
            "id": "armaa",
            "name": "Arma Armatura",
            #"version": "2.6"
        },
    ],
	
}
